graph_uid,tracking_timestamp_us,utc_timestamp_ns,tx_world_device,ty_world_device,tz_world_device,qx_world_device,qy_world_device,qz_world_device,qw_world_device
simulated,0,-1,1.512153615099417,3.8880719330446656,1.4342093633104345,0.1749891354923403,0.6420083539752129,-0.29180630147716946,0.6870612478548739
simulated,100000,-1,1.5485294048330254,3.790630577538548,1.5322031011662751,0.11400148542643163,0.6776445191299831,-0.17773448763050442,0.704423181702862
simulated,200000,-1,1.613041472287557,3.712324255246919,1.5981878510479932,0.03802737495738248,0.7207998501793601,-0.044255867121062165,0.6906829322928327
simulated,300000,-1,1.7043678226727448,3.649891869981551,1.6376852508290591,0.037254603739183545,-0.7488495114644398,-0.0709310667312038,-0.6578793867055569
simulated,400000,-1,1.8166526474212465,3.6069563186964846,1.6558945982243554,0.10869395326189052,-0.760066579276556,-0.1550215509891727,-0.6216532299602797
simulated,500000,-1,1.9374800449519634,3.588817640190453,1.6609015445832602,0.18334570769814423,-0.756780630711018,-0.22406746726671417,-0.5860556275320463
simulated,600000,-1,2.0564275120857016,3.59766936537178,1.6602661685410816,0.2646152655302384,-0.7365789179981637,-0.2904589921373239,-0.5505123365516764
simulated,700000,-1,2.172534608882792,3.631551671803182,1.657296204971187,0.3404631033285666,-0.7048357653079392,-0.34802702942243763,-0.5159153089471634
simulated,800000,-1,2.2861058208069363,3.6890703548766313,1.6544975326619757,-0.39705951371257675,0.6737575029957767,0.38876359082426737,0.4870907925393886
simulated,900000,-1,2.3981015864644744,3.76521540824163,1.653054246740422,-0.42875569818817905,0.6533862561176336,0.41087183865257826,0.4695096205510584
simulated,1000000,-1,2.511447325969977,3.850052914341517,1.6525122687709395,-0.43630003692745234,0.6477669291030772,0.41580900764892487,0.4659862149200222
simulated,1100000,-1,2.6292835497322384,3.933463753768187,1.6524516401191605,-0.42079618363612675,0.6572525265891834,0.4047256622103939,0.47659923046283226
simulated,1200000,-1,2.752915192711442,4.007809396111862,1.6528810881927396,-0.3880005447678949,0.6764274071071714,0.3811453917867944,0.49661829456210826
simulated,1300000,-1,2.8829920971812633,4.066234638204708,1.6539035225132397,-0.34504404564322827,0.6987091226567739,0.34940758201830246,0.5202542744759323
simulated,1400000,-1,3.018825872632496,4.105740711670821,1.6554342615726463,-0.29820170722399036,0.7195278537122572,0.31394972081934047,0.5429465741105549
simulated,1500000,-1,3.1584132370914837,4.127353710649216,1.6571954695833593,-0.25284089826589246,0.7366305406550668,0.2793256632098424,0.5616262997854556
simulated,1600000,-1,3.2997492755736726,4.13301079448095,1.6588520531674813,-0.21370809723908196,0.7493784351344914,0.24966373321629534,0.574829392469048
simulated,1700000,-1,3.4419885051770103,4.125970748473233,1.6599314259011646,-0.18150038818991376,0.758567148340755,0.2254153209814589,0.5837991295059556
simulated,1800000,-1,3.5846800093117777,4.1095902640471484,1.6599633867506658,0.15564911185787206,-0.7649421263369878,-0.20590644392251206,-0.590118152308577
simulated,1900000,-1,3.727191748120483,4.085021177303394,1.6588299916627212,0.1346068341423405,-0.7695120107544877,-0.1901832711072402,-0.5946112922722806
simulated,2000000,-1,3.868678359906855,4.051208074286147,1.6567416592870636,0.11590765465658487,-0.7735590875749364,-0.17703369742997593,-0.5973531816241657
simulated,2100000,-1,4.008311323568946,4.00854637947623,1.6536356514523292,0.09838455090315074,-0.7777827822963286,-0.16594035198622556,-0.5981958068138349
simulated,2200000,-1,4.145289393865797,3.9639755619653205,1.6483621889565636,0.08642008682867315,-0.7814824956026936,-0.15949715898655165,-0.5969734784178687
simulated,2300000,-1,4.278854429391202,3.9255812032939206,1.6396298813237955,0.08502469533593375,-0.7838184848540126,-0.16060257675650047,-0.5938065310548246
simulated,2400000,-1,4.409086606058492,3.8888648293832038,1.628343614601853,0.08210661938994242,-0.7855226758844824,-0.15955420226535538,-0.5922457980121967
simulated,2500000,-1,4.536897528776317,3.836484082254346,1.6175531099046825,0.04848466200241303,-0.7882188872946122,-0.13381859281160693,-0.5987092846118864
simulated,2600000,-1,4.660592072300756,3.7530582727917903,1.6100621939133792,-0.0354347913437261,-0.7866426920441603,-0.06700214556472758,-0.6127384132773676
simulated,2700000,-1,4.767844866492083,3.6411985642094886,1.60705431008607,-0.14563094584385708,-0.7694224577670076,0.026348654861091197,-0.6213585579063124
simulated,2800000,-1,4.844435916121539,3.5125032078593965,1.609146738760131,-0.24669430973990467,-0.7368778270753403,0.12186862770785592,-0.6174957676675046
simulated,2900000,-1,4.888148621326151,3.3731910261694047,1.6166393679841096,-0.3167941025342488,-0.7027392276665209,0.19727615818798733,-0.6057071833062326
simulated,3000000,-1,4.908403222223453,3.220025661979094,1.6293600536917885,-0.34884957969568553,-0.6848340134925802,0.234304372244354,-0.5953215986817271
simulated,3100000,-1,4.913822665281806,3.057804647088565,1.6456287373182532,-0.3352636507295862,-0.6984295827658001,0.21810202751051663,-0.593486232370105
simulated,3200000,-1,4.904627555523103,2.927861516953735,1.6592422370371112,-0.2578477829288998,-0.7449600200240801,0.1402547421387138,-0.5990640172068223
simulated,3300000,-1,4.873777227087863,2.8730173009478195,1.66416928008879,-0.09192821682558462,-0.7995858083136681,-0.007888564824893694,-0.5934218639717024
simulated,3400000,-1,4.822156088968482,2.8855921330314307,1.661808571724808,0.1487031087468543,-0.8017402349560032,-0.20392830321253205,-0.5417686113559658
simulated,3500000,-1,4.775587309899292,2.92753927656248,1.6587060816691093,0.39251851602507243,-0.7093303399745549,-0.39019989080621104,-0.43649023881855387
simulated,3600000,-1,4.75766733813686,2.9905461091108667,1.6576757293880886,0.573820429877128,-0.5479242916015109,-0.5223378415067714,-0.3125256217634926
simulated,3700000,-1,4.757730399793127,3.0825170898545795,1.6570583144937419,0.6806156265287816,-0.37971751721678704,-0.5928114010580932,-0.20285861780830006
simulated,3800000,-1,4.750110886886146,3.2009790872044945,1.6571969147309908,0.7304867603086196,-0.26141886992301966,-0.6174931299841327,-0.1294275932109829
simulated,3900000,-1,4.718858917065661,3.330861491963146,1.6583815279118856,0.7505897828931773,-0.20429914465653184,-0.6217130788151642,-0.09137661045996355
simulated,4000000,-1,4.662908229026322,3.4549294852988615,1.6591923241723197,-0.7603706241382835,0.17779726399548113,0.6210755998996156,0.06700556747473403
simulated,4100000,-1,4.5855265161983265,3.561840727864637,1.658259711602368,-0.7680363059265313,0.15127150113886362,0.6211855721075377,0.03695471184238573
simulated,4200000,-1,4.492811905715391,3.6552817936339626,1.656114932329937,-0.7746638306769293,0.11573754045307941,0.6216915549743178,0.0006177737710848507
simulated,4300000,-1,4.391280982915428,3.7422935721789705,1.6537339059724658,-0.779672165525998,0.06811639271437082,0.6213126803150495,-0.03797399935892493
simulated,4400000,-1,4.284172579609874,3.822284141698648,1.6517336913076244,-0.7817612812989542,0.010953275978211717,0.6186803632889704,-0.07722650379105796
simulated,4500000,-1,4.171321205016007,3.886723151573616,1.6504630941181826,-0.7799019995621126,-0.047557303850179256,0.6128316816786279,-0.11801908261152178
simulated,4600000,-1,4.052756864529007,3.928805074552672,1.6502635485460286,-0.7741629679103051,-0.10074473730585284,0.603933159312665,-0.16058311276129178
simulated,4700000,-1,3.9304663227330106,3.9515056597574616,1.6511381861621226,-0.7651461675503642,-0.14931071869807683,0.592873114469674,-0.20188888454762116
simulated,4800000,-1,3.8069102657141682,3.9601311970286175,1.6529605903798128,-0.7535299102369328,-0.19571727298559816,0.5806245019652674,-0.2382490527808793
simulated,4900000,-1,3.6827176868327616,3.9569034846484175,1.6554712678395118,-0.7404556010048505,-0.2391951401478673,0.5678352980042529,-0.26846650109577735
simulated,5000000,-1,3.5567102695770316,3.940901254646644,1.6583032462674108,-0.7275952658369045,-0.27584932584948646,0.555112855845172,-0.29387411562695576
simulated,5100000,-1,3.4280988518434987,3.9118100695536207,1.661110156241321,-0.7165960190692297,-0.3028854315782922,0.543310601339544,-0.31553787611604905
simulated,5200000,-1,3.2976140033462253,3.872612577771819,1.6636041781790067,-0.7082624830555047,-0.32182117919587355,0.5331760070649223,-0.33244357296740507
simulated,5300000,-1,3.1663200307783423,3.82715170848874,1.6655007622085458,-0.7029630612850889,-0.33514291456527107,0.5251980925254002,-0.34305848611143996
simulated,5400000,-1,3.0347923784334423,3.778050915153045,1.6663866390009832,-0.7005610827310844,-0.34391160483869904,0.51946781921134,-0.34798299128511406
simulated,5500000,-1,2.903108180226043,3.7266932001053026,1.6657161280425532,-0.7003964458108817,-0.3477536354586384,0.5157880980513146,-0.3499640919142888
simulated,5600000,-1,2.771336032614363,3.6746002192904954,1.6630496212085748,-0.7020203810709897,-0.3463232606080369,0.5139429789994325,-0.35084212697444006
simulated,5700000,-1,2.639701890358151,3.623948181681008,1.6584173736949486,-0.7063715519285167,-0.3397486498818026,0.5138408881792037,-0.34867983475503456
simulated,5800000,-1,2.5084197789403664,3.5770801486400234,1.6519463305494293,-0.7145681663388594,-0.3282520989172298,0.5153313870575832,-0.34069995116650775
simulated,5900000,-1,2.376982514424365,3.5357828339673114,1.6434899845117148,-0.7254531902075423,-0.31236799781692004,0.5184886960186489,-0.3275872019148935
simulated,6000000,-1,2.244212050564879,3.5012221056814,1.632661987518683,-0.7357792146784602,-0.29309231453488327,0.5238413385299411,-0.31355397375076155
simulated,6100000,-1,2.1089972685347194,3.474321757167567,1.6194848011894687,-0.7433799216899752,-0.2715550178343462,0.5316987031200817,-0.3015636805346715
simulated,6200000,-1,1.9704035178326886,3.4554059145664113,1.605476158266511,-0.7499401309094768,-0.24878523413884196,0.540705005062136,-0.2886759512441483
simulated,6300000,-1,1.8276236605428053,3.444615830120621,1.5924525879222358,-0.7577737022082853,-0.22594202162111393,0.5489845394339828,-0.27082317952821333
simulated,6400000,-1,1.6825863135415535,3.4402600451124057,1.581519681242889,-0.7636723428677189,-0.20946628014335728,0.5558941890175313,-0.2528044319990755
simulated,6500000,-1,1.5400634478711526,3.438528952653106,1.5731318210655165,-0.7597792543250493,-0.21141392021431554,0.5624124504644622,-0.24845899983588016
simulated,6600000,-1,1.4050775011921057,3.4343544163578077,1.5696126301114872,-0.7391625937642701,-0.24120276807703234,0.5686308502379493,-0.2685495127705891
simulated,6700000,-1,1.2830835276505101,3.4180158177668876,1.581120809829605,-0.6993545574854834,-0.2967071884981808,0.5716950281991817,-0.3098916616337486
simulated,6800000,-1,1.178631459717776,3.379297347988642,1.6188630008823315,-0.6387348372685255,-0.37136942962540426,0.5668505049318603,-0.3643940990984173
simulated,6900000,-1,1.0873070671126681,3.3168528093438248,1.6763100964266804,-0.5741173890818562,-0.44368854556178977,0.5472292991889665,-0.4172167209020381
simulated,7000000,-1,0.9990135073128972,3.236348875288041,1.730036494405116,-0.5486749367657445,-0.4851990665241999,0.5110441903115259,-0.449857216412039
simulated,7100000,-1,0.9068505754843375,3.144337807955619,1.758417126885997,-0.59489489398708,-0.47810581240744987,0.4631907860939078,-0.4505210238468581
simulated,7200000,-1,0.8067327587019761,3.0557137680827107,1.748783793610953,-0.6811692106312124,-0.4289176822617954,0.41483617201233125,-0.42420405316471954
simulated,7300000,-1,0.6958966122416813,2.9884674265080475,1.691903306148817,-0.7635697943175823,-0.35637232162926946,0.3811101331509096,-0.3804142531400023
simulated,7400000,-1,0.579280347999734,2.946545724121691,1.5987043549285371,-0.8160376333749819,-0.28989765246512283,0.3686348887330393,-0.3378612893181896
simulated,7500000,-1,0.4686178313206858,2.9172738289132596,1.499452292726846,-0.8288763906546501,-0.2636363956977743,0.37271952965881494,-0.32332635538990356
simulated,7600000,-1,0.3712302073136822,2.8872932229522776,1.4190507553947627,-0.7985255301712235,-0.2986843539320161,0.3882460003888635,-0.34987094415374265
simulated,7700000,-1,0.2755533474308473,2.8471329223654163,1.3619214926674246,-0.7422269432102372,-0.36004632286814475,0.4118634333918054,-0.38708438666087924
simulated,7800000,-1,0.16719141795644182,2.7861555593936935,1.3295305798766706,-0.6919648449582055,-0.40186805403319165,0.44624314213915633,-0.40069162529720415
simulated,7900000,-1,0.043617091159763005,2.707672270838811,1.320888361653612,-0.6690902468872016,-0.4065805045091247,0.48919921037602915,-0.38431063925033226
simulated,8000000,-1,-0.08825977814296006,2.631979622765009,1.3300737796899433,-0.671911935783075,-0.3786914583020828,0.5282179596959837,-0.35512380519460407
simulated,8100000,-1,-0.22321843661893184,2.578875932329381,1.349663050237174,-0.6954819362457493,-0.3197610415581424,0.5556141374865393,-0.32457769929957364
simulated,8200000,-1,-0.36371122944157297,2.56192692774713,1.369140302575106,-0.7332976517745223,-0.22518359603222637,0.5814654505677589,-0.2710439664999015
simulated,8300000,-1,-0.5139477589513267,2.5960357103994416,1.3775027341300652,-0.7699295649550042,-0.09020934272113507,0.6102112068176315,-0.1634411899375079
simulated,8400000,-1,-0.6626831841330891,2.680453172718678,1.3732220650222382,-0.7796802840404448,0.0480904062289399,0.6235007476885575,-0.03213697464225393
simulated,8500000,-1,-0.7861125116080646,2.7798344864262905,1.3639229920145186,-0.7766983428942783,0.11052843168708472,0.619620600123505,0.02436107215750855
simulated,8600000,-1,-0.8748354164609107,2.858177847990396,1.355688711060124,-0.7886682093941187,0.04689718338180586,0.6104496202649645,-0.05616378548752096
simulated,8700000,-1,-0.9574731384069121,2.9172178062151954,1.3500151569809926,-0.783713628214612,-0.08270727172989767,0.5851602806677084,-0.19115413174340395
simulated,8800000,-1,-1.0758262638427933,2.9531139566552578,1.3456964149695159,-0.7574175947344922,-0.18664272318381925,0.5650179646437475,-0.26877087025751456
simulated,8900000,-1,-1.2296922525881833,2.9582316033532137,1.3425838519981879,-0.7443374281285638,-0.21821557111629114,0.5810315340247891,-0.24646726776216404
simulated,9000000,-1,-1.3785051537317428,2.9457664040618057,1.3426028998484953,-0.7491287100490216,-0.168743070849025,0.6261341190557179,-0.13523319405770864
simulated,9100000,-1,-1.4879531989103918,2.940179274838372,1.349371134116373,-0.7419355813786958,-0.03106850139013495,0.6678505844049418,0.0504176379415566
simulated,9200000,-1,-1.5458499426671628,2.9620027245983738,1.366284358317275,-0.6849641969933827,0.1673154222531577,0.6561023984761808,0.26899673051407347
simulated,9300000,-1,-1.5419126238165939,3.0116330606088244,1.3925085521668665,-0.5677772668224338,0.3785562468993183,0.568848879055415,0.4590589243338453
simulated,9400000,-1,-1.4763314316127831,3.0632477636017037,1.4216594324449148,-0.4128590256721894,0.5565532438712542,0.42684528290627155,0.5810327151874153
simulated,9500000,-1,-1.363623675584698,3.0859782415875845,1.4484473829831923,-0.2563681488745299,0.6741579718807755,0.2742143673399848,0.6360761604844015
simulated,9600000,-1,-1.2247582985842431,3.069610460524159,1.4730199066966378,-0.13466658407339405,0.7340728287646305,0.1584962729445129,0.646437100316957
simulated,9700000,-1,-1.0811033031852144,3.0361115147230593,1.4969543584499108,-0.0803194354485997,0.7579411406082461,0.10902102969993377,0.6381131802007034
simulated,9800000,-1,-0.949424675436269,3.0094598393992817,1.52135600206447,0.11540273964878599,-0.7581870875619464,-0.14245997863289267,-0.6257313340594378
simulated,9900000,-1,-0.8321427523984931,2.9969205206983864,1.5458519322500932,0.2137681361470701,-0.7316900745039221,-0.23236150328386218,-0.6041034270986354
simulated,10000000,-1,-0.7178870446856024,3.001114876389716,1.5692185682617201,0.30673541059065734,-0.6912689698859045,-0.31437738118235553,-0.573783462086165
simulated,10100000,-1,-0.6004552612874073,3.0320663662421397,1.5913397006331271,0.348837254958546,-0.6705393842289875,-0.34833840797904386,-0.5543914296572613
simulated,10200000,-1,-0.48343090057114624,3.08553269071181,1.612188421970246,0.36485279968050993,-0.6663935678114172,-0.35827419292651785,-0.5426247783023884
simulated,10300000,-1,-0.37031094705940304,3.150470383359463,1.6314639784184286,0.3912267724375454,-0.6571318005852337,-0.37823387170207085,-0.5215923192350242
simulated,10400000,-1,-0.2625695870102663,3.221828095674264,1.6483692408112358,0.43406633124084076,-0.6345109048482676,-0.41345603438715617,-0.4878897819596107
simulated,10500000,-1,-0.1614476094196149,3.3024028525375897,1.6614336504245437,0.4721997710884779,-0.6097701841600174,-0.44384950885208796,-0.4562952028952399
simulated,10600000,-1,-0.0683234871327757,3.3953217505197433,1.669520794648279,0.4914624066483991,-0.5964349436858254,-0.4566823952242384,-0.4406486703646144
simulated,10700000,-1,0.02209413882712684,3.498707908818907,1.673450520359401,0.49794697726344506,-0.5943036035889738,-0.45963485173404267,-0.4331141162174037
simulated,10800000,-1,0.11683983203157175,3.6089484633200444,1.6743866105003278,-0.5017189549525297,0.5976865955376041,0.46400021037125616,0.41922861129870426
simulated,10900000,-1,0.20773007468187243,3.719313998578776,1.6687862901725798,-0.519952714093735,0.5946616016239035,0.47664342703415596,0.3857950208670248
simulated,11000000,-1,0.2722927133724573,3.8195719027080806,1.64886857850127,-0.5743677807886247,0.5642328271728443,0.49942126187041325,0.31987712066394136
simulated,11100000,-1,0.2970583067301007,3.9044816249400762,1.6100200583076758,-0.6650896549153046,0.4859885544350839,0.5247921343346131,0.2146254682540267
simulated,11200000,-1,0.2895245170384522,3.9927696191987927,1.5573207901692936,-0.7425202055774549,0.3822615282592605,0.5398304453197686,0.1054654380731857
simulated,11300000,-1,0.2516033303616635,4.106282580799545,1.496555441235704,-0.7729797766699743,0.3060687598877756,0.5539527162790681,0.04427829272948881
simulated,11400000,-1,0.1948513796346611,4.243821045916617,1.4414082011281613,-0.7624457156807843,0.2867265547590603,0.5769327840004702,0.06010803757804016
simulated,11500000,-1,0.15025782050395248,4.388765665409253,1.416200332590355,-0.7221982745639615,0.3174942214742122,0.5947244006880334,0.15469311159059596
simulated,11600000,-1,0.14823945999062338,4.5300153138612895,1.439802036598576,-0.6490174990477262,0.37934807063882636,0.58286810689378,0.30844139994251063
simulated,11700000,-1,0.18955239705251392,4.661991052713622,1.4986138319173004,-0.5630936724312972,0.4371477984019444,0.5414739224102434,0.44568297002447144
simulated,11800000,-1,0.2546803138218128,4.777928415515632,1.5664085363765183,-0.5191105441145832,0.4747008760783683,0.5083261949046917,0.49677741576405077
simulated,11900000,-1,0.32747924954299534,4.882751525694971,1.623658198374791,-0.5289918906629959,0.5002434830015623,0.5015032656803388,0.4673526632418076
simulated,12000000,-1,0.40553132956573423,4.99048727868104,1.6605103880938958,-0.5446567896306835,0.5281151739473811,0.49776107391992785,0.4203299392689095
simulated,12100000,-1,0.48891322217662025,5.1095428102826,1.6708104310624095,-0.5269065270044745,0.5705559974061697,0.4794435554915434,0.40861870089554314
simulated,12200000,-1,0.584112172578081,5.225118197407592,1.6656126608863664,-0.47943647480957224,0.6202327618711517,0.44727975576782314,0.4305726510173751
simulated,12300000,-1,0.6985799336241008,5.31715730506732,1.6603909336863778,-0.4173758696502347,0.6642963309153892,0.4043464227306446,0.4701188558130732
simulated,12400000,-1,0.8306384869932862,5.379979927453055,1.6606763617789877,-0.35604426301354886,0.6956295116076385,0.35812543311735057,0.5109581582773361
simulated,12500000,-1,0.9695582832877291,5.423021661030554,1.6618675115917036,-0.3096336042718523,0.7148830928724735,0.32281926767057256,0.5374541050651152
simulated,12600000,-1,1.1059197049305936,5.456371233941163,1.659372298534031,0.289035916130329,-0.7264949568299623,-0.30915463266172716,-0.5413748516426722
simulated,12700000,-1,1.2398519729341413,5.485180408245901,1.6525195044836651,0.2852675333155697,-0.7340498100715769,-0.30910890716631995,-0.5331463160150088
simulated,12800000,-1,1.3741273359927852,5.5126778258019264,1.6417485679616488,-0.2839471398046239,0.739217868987695,0.3098725352765737,0.5262223634998165
simulated,12900000,-1,1.5093583301478963,5.540314521574983,1.6279420734184107,-0.279905443335011,0.7425416227421242,0.3073711748518302,0.5251741065181428
simulated,13000000,-1,1.6439509794063472,5.567890928575263,1.6124405570622629,-0.277479345788443,0.7436191233590594,0.30599171251034274,0.5257422219210757
simulated,13100000,-1,1.7769358950215826,5.595214844582186,1.5964678882510337,-0.27951421853412356,0.7425702963033889,0.3085734858193044,0.5246365985465361
simulated,13200000,-1,1.9102531077603557,5.6223362329250435,1.580727369327301,-0.2810758728560108,0.741683472203233,0.3104404708458371,0.5239548595249429
simulated,13300000,-1,2.046457961193473,5.649250048986438,1.5658146282524046,-0.27544726873037934,0.7437115404778789,0.30524744277454585,0.5271109422015396
simulated,13400000,-1,2.185705639832219,5.67299348427339,1.5527663180141995,-0.25946468133583045,0.7487226624849086,0.2909019843959799,0.5361608800493437
simulated,13500000,-1,2.325755367546023,5.687603982520327,1.5430782105505647,-0.23356635145212268,0.7539338560010712,0.26945932519766347,0.551744662238539
simulated,13600000,-1,2.465030477857647,5.688351496067464,1.5381175008373085,-0.20000984774158567,0.7567772890255476,0.24341661473496742,0.572741256845095
simulated,13700000,-1,2.6049801958691314,5.676407554243772,1.5383591138166786,-0.1678065339901098,0.7576817465543351,0.21688760318080325,0.5922154216795481
simulated,13800000,-1,2.7475320753258345,5.65494640790836,1.5438215286887227,-0.1476637023351508,0.7592502800871965,0.19489193580889297,0.6031182110970055
simulated,13900000,-1,2.890617943625699,5.628517338145806,1.5534846687119848,-0.1438346519399433,0.7610430896794744,0.18324132142825778,0.6054317688011266
simulated,14000000,-1,3.0282577896895586,5.60258187268709,1.5654875677556812,-0.15375275597573673,0.7582895078108647,0.1882626272105571,0.6049085018162674
simulated,14100000,-1,3.156980762351234,5.582537920196493,1.5781347739162546,-0.17471540718232847,0.7475906720909455,0.21273689396987394,0.6044218125115706
simulated,14200000,-1,3.2837981699528718,5.574626621136147,1.5904853782314172,-0.20621414560207738,0.7345495993800549,0.24536502172530444,0.5980874671132533
simulated,14300000,-1,3.4180227304644393,5.584966636953244,1.6018386562638012,0.2474860332482312,-0.7276407065139658,-0.2711331283344623,-0.5794622440595075
simulated,14400000,-1,3.5613276529038207,5.605138367076596,1.6081543502284703,0.2671289781704848,-0.7374604139255407,-0.27637713848071965,-0.5553466703236566
simulated,14500000,-1,3.7082988070412073,5.611692235638607,1.600458542874684,0.20401600015316768,-0.7747977295119313,-0.2452780654412076,-0.5458063948306925
simulated,14600000,-1,3.851432514696417,5.5763998047203085,1.5696397635411583,0.014261470211816629,-0.8184990421065663,-0.16080135172883586,-0.551360910674859
simulated,14700000,-1,3.959741708688247,5.483682720940465,1.5140522473022986,-0.24404654850974147,-0.8040723109284684,-0.03284954347666935,-0.5411376058379324
simulated,14800000,-1,3.991248508731863,5.344031570960259,1.437870325162415,-0.4704286154662707,-0.7123572111378262,0.11240125750084126,-0.5085371951024388
simulated,14900000,-1,3.9412207837648396,5.193451793171099,1.3571671826404201,-0.61837806749944,-0.5792830940860976,0.2509203234562284,-0.4680583871893731
simulated,15000000,-1,3.8385424126534473,5.069950853476102,1.2921660689879408,-0.7007501976346144,-0.44414988495011265,0.36975290583805925,-0.4182855828715134
simulated,15100000,-1,3.7105462618804266,4.9970629224527805,1.2550994138645588,0.7366751089677195,0.33690365354073976,-0.46569832018224966,0.35627347170078594
simulated,15200000,-1,3.5701779787484877,4.965506527375352,1.2410139138306842,0.7445544689129209,0.2657809890709353,-0.5344590958893827,0.298919024973951
simulated,15300000,-1,3.4251647916922354,4.95785134589223,1.2404929314063495,-0.7422075841585876,-0.2306319419324142,0.5709787069758292,-0.26442413951484633
simulated,15400000,-1,3.283451325391894,4.955678305527591,1.246182258389648,-0.7374669330428463,-0.2333995783937109,0.5770872264932213,-0.2619875807979792
simulated,15500000,-1,3.1536690987919007,4.940772074646587,1.2538003365819999,-0.7235753069129345,-0.27758177448372795,0.5591630071104869,-0.2944891596977298
simulated,15600000,-1,3.041309423529917,4.900844901709678,1.260053771484068,-0.6891720652815746,-0.35818982840502256,0.5189620052425333,-0.3569598694214217
simulated,15700000,-1,2.9444175296118598,4.837141383508646,1.2637049502502988,-0.6366944532794655,-0.447334439153737,0.46252102992286526,-0.424954550027725
simulated,15800000,-1,2.8622802767099245,4.75030998403468,1.2640349159990172,-0.5837621167403473,-0.517946644340169,0.4060280784976036,-0.47549370568613347
simulated,15900000,-1,2.795357396647423,4.642592449755623,1.261064112027831,-0.5439742209890448,-0.5639367217200097,0.3621106609325815,-0.5049190925623819
simulated,16000000,-1,2.7411297820466114,4.520833441691907,1.2554488994329782,-0.5157651249159976,-0.593005818484345,0.33168903045246706,-0.5218360108708484
simulated,16100000,-1,2.6955956785647657,4.391945494699494,1.2485494266677621,-0.49529377411963926,-0.610355542270491,0.3143678089176355,-0.5322810066631569
simulated,16200000,-1,2.653622627168781,4.259729212646015,1.244849499311969,-0.4831923044229486,-0.6155023389956974,0.31364247481484775,-0.5378758831080679
simulated,16300000,-1,2.6096477280887056,4.127183202383727,1.2496636356692028,-0.4808059282594189,-0.6060749594885169,0.3334186062202793,-0.5388235665389159
simulated,16400000,-1,2.558441317118598,3.997204772005698,1.2664545330522987,-0.48778620493419056,-0.5831166502519343,0.3717170495610576,-0.532790789654331
simulated,16500000,-1,2.4952346819243636,3.8726347086012622,1.2967102615804018,-0.502925373521285,-0.5515918712060824,0.4207039681310293,-0.515577974206283
simulated,16600000,-1,2.416089083812026,3.7568324629267873,1.3403905817036126,-0.5255963548819098,-0.5154117679941375,0.4723786067795306,-0.4847242855531757
simulated,16700000,-1,2.3205779686179606,3.6548718926198873,1.3922381462620161,-0.5562350863250732,-0.4727189629035162,0.5199388235204109,-0.4436247633401156
simulated,16800000,-1,2.2094398578637295,3.5722368489802343,1.445686046662019,-0.5954456498547509,-0.42010848721932625,0.557263024771731,-0.3980091183096235
simulated,16900000,-1,2.0841750570841113,3.5118106940419063,1.4943365843362593,-0.6403010998039946,-0.3593055808301072,0.5811752268319299,-0.35092642660675943
simulated,17000000,-1,1.9472163001205403,3.4735802329192946,1.5321831495332672,-0.6847342491659375,-0.29750495344130756,0.5922323344507419,-0.3031347435185712
simulated,17100000,-1,1.8023223082038662,3.4559157300966743,1.555248874215271,-0.7226963061774996,-0.24359946171624614,0.5926049324455512,-0.2592079191115825
simulated,17200000,-1,1.6567949500600179,3.4525426352230255,1.566505160085752,-0.7459643323276537,-0.21224212720836066,0.586146543848849,-0.23435597595768118
simulated,17300000,-1,1.518596015998518,3.4554609980129336,1.571099523931115,-0.7470285612205204,-0.21877366166530804,0.5775168027936509,-0.24609095101882922
simulated,17400000,-1,1.3951313473570337,3.4506053801145793,1.5758634426615414,-0.7223876261772767,-0.26918832147414734,0.5638157268818593,-0.2963200824253579
simulated,17500000,-1,1.2925190429186373,3.41824149481561,1.5889871030627098,-0.670050499291748,-0.3594964700249549,0.5342734403099135,-0.3692512795074449
simulated,17600000,-1,1.20937567419904,3.345674369556426,1.6154529486151665,-0.593255581668721,-0.46941904386116395,0.48255843479877775,-0.44139657121904785
simulated,17700000,-1,1.1270800648193633,3.2449951515236273,1.6468812536876045,-0.5387220740749168,-0.5368279955390409,0.43654055633078537,-0.48065223684943337
simulated,17800000,-1,1.030873705365735,3.132484729212868,1.6709276942037101,-0.5743118221924569,-0.5075329416394674,0.4427644231484431,-0.4653341913450967
simulated,17900000,-1,0.9095714812059198,3.0335525126040794,1.6758886995409215,-0.6789223539657278,-0.38457249903884577,0.4857759882185615,-0.3939417717619343
simulated,18000000,-1,0.7678409734072003,2.9791624072969776,1.6530416461658484,-0.7672120195020331,-0.24835829525724762,0.5037619425260502,-0.3097221005529093
simulated,18100000,-1,0.627592124157476,2.9750059650332292,1.600416863796122,-0.8107662900950394,-0.19223060402131442,0.47968360604621957,-0.2749710090420846
simulated,18200000,-1,0.5083559765558114,2.9806027579538297,1.5292672496023663,-0.8199560187637689,-0.22608058695365063,0.43433396218676024,-0.2965024532561455
simulated,18300000,-1,0.42290848073556925,2.9551226926892515,1.4524712465060543,-0.7876827030457988,-0.32584973224349956,0.37991913545871975,-0.35922049194276534
simulated,18400000,-1,0.35648011904990057,2.892212871885411,1.3787655261365803,-0.720118343077513,-0.4360147293286131,0.33371950428746605,-0.42420752024206454
simulated,18500000,-1,0.2762390263998105,2.809801672363614,1.3156661976775852,-0.6721889818488608,-0.48581391133724106,0.3358723163188704,-0.4464712794377707
simulated,18600000,-1,0.16155539087502346,2.724196194388772,1.2723568411727941,-0.6899433969401938,-0.43456364996824964,0.4107727912550457,-0.40791942477582216
simulated,18700000,-1,0.022244402815007697,2.652962647612838,1.2501605707693064,-0.7204395566243487,-0.3403681218781306,0.4967419086049233,-0.3440404963018222
simulated,18800000,-1,-0.11372780188640472,2.6057204325479066,1.2449345039696493,-0.7199718460312763,-0.3042195806665337,0.5345603471668617,-0.32145951984385074
simulated,18900000,-1,-0.23039158478173874,2.5696611749922744,1.2495280114219336,-0.6894681666743032,-0.3548913190836929,0.5177464230516229,-0.3614200329243828
simulated,19000000,-1,-0.33192226362110244,2.5190275786002645,1.256179298046273,-0.6411283546166273,-0.43633344927130757,0.4711592564846552,-0.4202100772023518
simulated,19100000,-1,-0.4214069495795546,2.432006944718128,1.2590005276624612,-0.5952715313817649,-0.5017761481474268,0.4251578311127068,-0.46164198218996444
simulated,19200000,-1,-0.5022206117841707,2.318346954882362,1.259173744879745,-0.5681600644088756,-0.5368725653493464,0.3962292825194796,-0.481626769874986
simulated,19300000,-1,-0.5789291466327808,2.196949795410589,1.2594210771161174,-0.5710122527618656,-0.534317530602906,0.39445691373776987,-0.4825489891096092
simulated,19400000,-1,-0.6637781787514208,2.084353531749181,1.2597072444166442,-0.6057167601073753,-0.4919387566794285,0.42236295419661835,-0.4612081971561516
simulated,19500000,-1,-0.7773022385137224,1.9951188548196819,1.2572919613310962,-0.6640672690563365,-0.41153805762385354,0.4726500501058033,-0.4077413634036003
simulated,19600000,-1,-0.9322940777702606,1.94201028337721,1.2506217263663433,-0.7254351535039257,-0.30254930287240195,0.5286443739867753,-0.3205353073286777
simulated,19700000,-1,-1.1003375161659121,1.9187285414960553,1.2447508247610821,-0.7551662046534132,-0.21926898725409744,0.5657299828049689,-0.24818279781929203
simulated,19800000,-1,-1.2395521902942337,1.9054744952466405,1.2462931293154276,-0.740892231557746,-0.23339135838053932,0.5748906184265308,-0.2571146668236395
simulated,19900000,-1,-1.3282253299658058,1.8926699681937256,1.2578002368467596,-0.6724771109624,-0.35290647800228675,0.5433223833683225,-0.35781607111287117
simulated,20000000,-1,-1.3698390405861594,1.8815958886545259,1.2786255885738977,-0.5355780003553298,-0.5152939102995621,0.44963305702984213,-0.4954376909052963
simulated,20100000,-1,-1.374287555385841,1.8596162204960718,1.3088419249294294,-0.34437864829426423,-0.6517490254025048,0.2957702290846221,-0.6075742967515421
simulated,20200000,-1,-1.346637916362041,1.8061959681512665,1.3459450436609834,-0.16243635668737527,-0.7216609944914647,0.13490188309605328,-0.6592581595952081
simulated,20300000,-1,-1.274304766035981,1.7171079092990134,1.3854572567929406,-0.06903141690273215,-0.7426237208047011,0.03831110565850021,-0.6650390454415485
simulated,20400000,-1,-1.1652365222176495,1.6071330663377696,1.4215430115921004,-0.07396921940801221,-0.7501972697116907,0.01995527359517449,-0.656760533339996
simulated,20500000,-1,-1.054469733848335,1.4900452805486069,1.4480639758305816,-0.12054451088792095,-0.753139084526092,0.03920126501436269,-0.6455337334913379
simulated,20600000,-1,-0.9708789179169933,1.3745501151167807,1.461153266720315,-0.1608233477382538,-0.7537259882393278,0.06146826407742432,-0.6342354751874241
simulated,20700000,-1,-0.9090634190769058,1.257615638645525,1.4647229741352483,-0.19769574503757945,-0.7511670446137215,0.08538889000499647,-0.6239977571626668
simulated,20800000,-1,-0.856109752540898,1.1326703321289593,1.464323567624868,-0.24560970388826361,-0.7412554283982845,0.1173336821699836,-0.6135544558182497
simulated,20900000,-1,-0.8111437894497305,0.9976053921457977,1.462407290183491,-0.3033309272532724,-0.7226129256269249,0.15604844881178037,-0.6012235773088108
simulated,21000000,-1,-0.7842537807464234,0.8558062267977227,1.4584513919551578,-0.3550857056870457,-0.7005686155024932,0.193296530476978,-0.588008680118938
simulated,21100000,-1,-0.7807833248561001,0.711430654391835,1.4526092109984523,-0.3880130906268231,-0.6829547616274817,0.22209749578302804,-0.5776602266380111
simulated,21200000,-1,-0.7894115497070968,0.568089690256198,1.4479614275825603,-0.3986529143005933,-0.6741134775595782,0.23844787412071938,-0.574273005302779
simulated,21300000,-1,-0.7953900085967817,0.42894123088784497,1.4481240196132652,-0.38545841027964,-0.6762059544986864,0.23896608325573002,-0.5805708674215653
simulated,21400000,-1,-0.790353008906619,0.29557429054328854,1.4553412238312569,-0.35108672033670285,-0.6872277593235006,0.22404082156221777,-0.5951989851235848
simulated,21500000,-1,-0.7719540350933607,0.1680800194633756,1.470616405140722,-0.3029703392869384,-0.7018017584621293,0.19813866981622255,-0.6135342963969322
simulated,21600000,-1,-0.7388818686238782,0.04573789952318779,1.4942721040554958,-0.25049671971769477,-0.7150002445701303,0.16734590964171153,-0.6308893644701237
simulated,21700000,-1,-0.6935135151683681,-0.07482813418291262,1.523969002110342,-0.20892421400469655,-0.7229636597160605,0.1425492129425823,-0.6429260777273936
simulated,21800000,-1,-0.6387467335721934,-0.19702389260998407,1.5568088020686621,-0.19494546355664102,-0.7242414590030812,0.135705652217313,-0.6473442293371034
simulated,21900000,-1,-0.5813179127677635,-0.32340806494356583,1.5895458044204576,-0.21205156389893998,-0.7199843249086233,0.14862654292485028,-0.6438686643035949
simulated,22000000,-1,-0.5322395350312092,-0.456203219309689,1.618474320450546,-0.25021479046950695,-0.712091562120222,0.17262596003703806,-0.6328652650515542
simulated,22100000,-1,-0.5009153798599963,-0.5966040792558355,1.640480798761107,-0.2998798637035631,-0.7011356653108749,0.200300973622041,-0.6151100439273218
simulated,22200000,-1,-0.48923845445373226,-0.74168351509876,1.655234702075754,-0.3559302941091869,-0.6836696175655042,0.2322182836398174,-0.5932825199654568
simulated,22300000,-1,-0.4973906986222976,-0.8874277584255577,1.6633082290359038,-0.4140547394809639,-0.6556573865702278,0.2709860853502202,-0.5702969451924262
simulated,22400000,-1,-0.5271440387559557,-1.0302107185745302,1.666450550350629,-0.47063772284131045,-0.6175719161279574,0.31468910522458865,-0.545963212406969
simulated,22500000,-1,-0.5814535693301763,-1.1667839374062574,1.6672484256718298,-0.5234344356420844,-0.5750794268112773,0.3570536532803948,-0.5175062638476844
simulated,22600000,-1,-0.660736097269946,-1.293941591181373,1.6674875673148202,-0.5700141750655303,-0.5345690151337014,0.39286117435558776,-0.48474725988632067
simulated,22700000,-1,-0.7568510975258567,-1.4088550133661386,1.666784932676397,-0.6050197027200797,-0.5001961346233955,0.41955329771783667,-0.45577408504917083
simulated,22800000,-1,-0.8594053065256042,-1.509400559248927,1.6644506599531965,-0.6236985997031779,-0.4759824501878003,0.4360332982033851,-0.4408125754778226
simulated,22900000,-1,-0.9629941683689931,-1.600157489977363,1.6605357266135319,-0.6288631662783349,-0.46332838064608994,0.44326387018075614,-0.4397443247827504
simulated,23000000,-1,-1.0676232363194909,-1.6920830295123568,1.6556888449788487,-0.6295402830139131,-0.46036031111826475,0.44371666202508253,-0.44143282597828565
simulated,23100000,-1,-1.1729307175968644,-1.792364655600056,1.6506095983017535,-0.6318671880487224,-0.46457655290564914,0.4400240013360256,-0.4373686790408506
simulated,23200000,-1,-1.2753327307696294,-1.8923638232613673,1.6462134171040448,-0.6318567584917806,-0.4726887695861641,0.4356176115693722,-0.4330815862467183
simulated,23300000,-1,-1.3707214387117594,-1.9801846649839576,1.643482038214119,-0.6235044268857393,-0.48124388820122765,0.4340047919731822,-0.4373629959966493
simulated,23400000,-1,-1.4611961108171836,-2.0593052461137615,1.6435826273431027,-0.6088244423853405,-0.48601891745314174,0.43678895701385556,-0.44981531461545826
simulated,23500000,-1,-1.5549446386449415,-2.1485988406201666,1.6480285252662208,-0.5982396478331752,-0.48218764060375097,0.44373574994905474,-0.4611973408711031
simulated,23600000,-1,-1.6561955355281441,-2.260790098676369,1.6568924697533887,-0.5973030120403734,-0.47361649410412304,0.44944025982830543,-0.46574669206069763
simulated,23700000,-1,-1.7525333945230481,-2.381191246416807,1.6637844917224194,-0.5886897769993285,-0.49794722754499054,0.4277697218192198,-0.4717053848870559
simulated,23800000,-1,-1.8301890473269864,-2.486994588725157,1.6619759392193845,-0.5426364890930915,-0.5931730468917858,0.3436806888361976,-0.48536065071956036
simulated,23900000,-1,-1.8872838127520744,-2.554483007016581,1.6509360940431035,-0.4209082801629821,-0.7387063298104409,0.18367765977201223,-0.49336770799162133
simulated,24000000,-1,-1.9279185650946538,-2.570749894946311,1.6335962441492422,-0.2013122982538429,-0.8526230315885557,-0.029104635666573363,-0.4813109647194965
simulated,24100000,-1,-1.9443057932835173,-2.5435670195065154,1.6069671438250583,0.09130436910116481,-0.8573404537431331,-0.2435420271123789,-0.444205064793897
simulated,24200000,-1,-1.9226274084629629,-2.4919875642200484,1.5749239159540207,0.3555387382238778,-0.7532416071489623,-0.3938768385605012,-0.3886905233311023
simulated,24300000,-1,-1.8670309345603349,-2.405668530498971,1.5542414864702343,0.5012988031096898,-0.6345799794056303,-0.46376113563105803,-0.36184716223363406
simulated,24400000,-1,-1.7980383674882434,-2.284992101597744,1.5518065709298614,0.5385239285971277,-0.5730183957115541,-0.4835017285804735,-0.38453605157925913
simulated,24500000,-1,-1.7202661262309662,-2.1556503266739457,1.5568708068153807,0.5281780775206277,-0.5624378622841908,-0.47932768674343135,-0.41825415505048436
simulated,24600000,-1,-1.6325897896110775,-2.041136793160203,1.5589603855844252,0.5113465790101042,-0.5791024306925348,-0.47063759042539927,-0.426222136191019
simulated,24700000,-1,-1.5385249446064633,-1.9386889349332044,1.5572061823985963,0.4974495631104441,-0.6035666036720753,-0.4622503725818515,-0.4178227855693417
simulated,24800000,-1,-1.4428038331203528,-1.8392458918803691,1.5534814936308305,0.48880748888175446,-0.6187643859907223,-0.45498491232292837,-0.41374702778525835
simulated,24900000,-1,-1.3466082436596967,-1.7396052860961144,1.54794446198723,0.4840153901551704,-0.6225862792982855,-0.44900541842141056,-0.4201304096952154
simulated,25000000,-1,-1.2473812128346347,-1.6423139475037716,1.538675355477299,-0.4774477674006714,0.6269277235781372,0.4425342179997429,0.4279821546660622
simulated,25100000,-1,-1.1433627452508524,-1.5494043346310005,1.5242142826285046,-0.465473354965767,0.6402245032857391,0.4344432599563793,0.42977458636815113
simulated,25200000,-1,-1.0368816048270633,-1.4596558783858635,1.5056776081282894,-0.45345093434146716,0.6553575637464216,0.42726450697265833,0.42700556772320525
simulated,25300000,-1,-0.9313808878964707,-1.3710008248000682,1.484939455676455,-0.44904701708706457,0.6621577167230013,0.424773975490235,0.4236401826734717
simulated,25400000,-1,-0.8286655085236599,-1.282098518471534,1.463146030977511,-0.45468474547419174,0.6582353979151344,0.42821066959701654,0.42026606525848453
simulated,25500000,-1,-0.7287532829649014,-1.1923903795220123,1.4405856421184053,-0.4673067843007447,0.6484827036268702,0.43578960060650296,0.41374143670474517
simulated,25600000,-1,-0.6318759923549094,-1.1010667622688934,1.41764536704801,-0.4834314046460947,0.6371862342799797,0.4454987536320735,0.40226687703348385
simulated,25700000,-1,-0.5396108728552943,-1.0061001502350668,1.3951894353280925,-0.49913616477394795,0.6254113685244411,0.4553521441587702,0.3903564191161082
simulated,25800000,-1,-0.45394895596424895,-0.905185200956744,1.374158386971015,-0.5109649275737639,0.6135432424801136,0.4638265802570928,0.3838547066841013
simulated,25900000,-1,-0.37587168883358146,-0.7978987785504844,1.355528837523503,-0.5240603084969533,0.5976332031792712,0.4739995966853477,0.3788399792232729
simulated,26000000,-1,-0.3048609940528082,-0.6858646117029142,1.3402838506521535,-0.5514339890373567,0.5683391978126394,0.4925064996431284,0.3610380309237615
simulated,26100000,-1,-0.24336779463370872,-0.571692167343541,1.3286947499725352,-0.6006349873623835,0.515454944962434,0.5223030218741211,0.31740095307217486
simulated,26200000,-1,-0.20986521723936707,-0.4602102146847057,1.3181402607022898,-0.6628369636590355,0.4343944821838022,0.5577110386465273,0.24679341730959597
simulated,26300000,-1,-0.22565739274197077,-0.354914009534397,1.3053488759571437,-0.7233568180396872,0.3247117527010986,0.5897503222085386,0.1533354130923591
simulated,26400000,-1,-0.284515301089278,-0.24864394711488685,1.2909785214020486,-0.7610217948945012,0.21822200158971333,0.6071459890518509,0.06781396387161508
simulated,26500000,-1,-0.3574277676325356,-0.13019128731166835,1.2799658810070358,-0.7671389868055315,0.18326944414029625,0.612896326021512,0.047625406211623415
simulated,26600000,-1,-0.4158724140071452,0.007244077051895809,1.2768974760025096,-0.7375237778707356,0.2621576905607268,0.6092496669542732,0.1270703178214777
simulated,26700000,-1,-0.43658201241810274,0.1594502797920832,1.282071719019438,-0.6704860477270639,0.38779577013217537,0.5812894545268713,0.24933004336980108
simulated,26800000,-1,-0.40841179112953874,0.3093147260283816,1.2935012979690081,-0.6012339320719785,0.47963724618231396,0.540604635940109,0.34089954326747984
simulated,26900000,-1,-0.34149333071449584,0.4448358380574332,1.3070115696471765,-0.5583387695973555,0.5287704394054811,0.5085194659736998,0.38738558762719744
simulated,27000000,-1,-0.2491886217714822,0.5654643315517032,1.3173884054748197,-0.519259282799539,0.5725081139285759,0.47679849350010933,0.41864955906877444
simulated,27100000,-1,-0.13882243429308344,0.6704250065512279,1.320302039908245,-0.458159104097853,0.6313360976501404,0.43170845067435654,0.45291586498210895
simulated,27200000,-1,-0.014102025561452798,0.7572455191733238,1.3149169825077947,-0.38857937815792576,0.6861799256919162,0.3824277100513944,0.4815726560267754
simulated,27300000,-1,0.11854034540585492,0.8251677248053694,1.3019747597174967,-0.33950296809197134,0.7181292181279059,0.34950364502288533,0.496865537991378
simulated,27400000,-1,0.2536027839431182,0.8737692914674593,1.2839666732474604,-0.31482354809154495,0.7307769624812975,0.3352292331415204,0.5044526993891572
simulated,27500000,-1,0.38920801779607356,0.9000447349039166,1.2644424246895654,-0.28858477271730765,0.7407058431166205,0.31848893502585673,0.5163704883072735
simulated,27600000,-1,0.5260757677691056,0.9024738061486225,1.2468653171668056,-0.24017861813676744,0.756586739174039,0.2819643412463012,0.538875540140251
simulated,27700000,-1,0.6708066278219552,0.8910155635290457,1.2346005794532948,-0.1831378598972353,0.7696646726018328,0.23474576832508498,0.5647753892251679
simulated,27800000,-1,0.8295721071460177,0.8801413098168375,1.2308119522984613,-0.1417267561380019,0.7727420769841011,0.19468915148184593,0.5872642874789644
simulated,27900000,-1,0.9870683514087099,0.8780199358914685,1.2354047149633756,-0.14244937618281928,0.7631805113883405,0.18684675978611723,0.6019567846777589
simulated,28000000,-1,1.1073211544148285,0.8829305800650208,1.2444315018107708,-0.21297007400852735,0.7337536189088765,0.23949002438985642,0.5990775430048065
simulated,28100000,-1,1.1657138139228724,0.8838068105520732,1.2539772499080202,-0.3624096875546367,0.6579137576849406,0.3616925040126813,0.5522564968893243
simulated,28200000,-1,1.1816371392329865,0.8667635932850285,1.2640959394541311,-0.539233587396155,0.5112279727892819,0.5062318070828462,0.43772417748996995
simulated,28300000,-1,1.1824732062613523,0.8368546688377414,1.2770822557595247,-0.6796153950249949,0.3054902689637854,0.613243987924998,0.26216487500673896
simulated,28400000,-1,1.1675016166373045,0.8156651017289823,1.2943455646755664,-0.7489033624849636,0.08935680176311116,0.6533147893895046,0.06587033932150817
simulated,28500000,-1,1.1104628081784562,0.8156033475335264,1.313868876566296,0.7582001245046308,0.08143126628360835,-0.6391830168651584,0.09973259759860312
simulated,28600000,-1,0.9950424087158192,0.8292240242643851,1.331981047737873,0.7485629651022186,0.17460724493151641,-0.6069719914995051,0.20186827098364135
simulated,28700000,-1,0.8465968953980483,0.8448140016316363,1.3448349787246352,0.7446836916289253,0.20772776042064578,-0.5836735942648875,0.24823479274760374
simulated,28800000,-1,0.7001387600728044,0.8577753579406739,1.3489887978891382,0.7481745812335635,0.20823676659799129,-0.5767013048316011,0.2535504881445198
simulated,28900000,-1,0.5684951596271964,0.8658266185158695,1.347702494034818,0.7516776322532049,0.20078020964565602,-0.5809919706556284,0.23899032327387587
simulated,29000000,-1,0.4426852137292665,0.8657328582623408,1.3509149223229495,0.7462941527427781,0.2083484102168417,-0.5869403942426422,0.2348125872868523
simulated,29100000,-1,0.31495423736598366,0.8551042182047565,1.3661781499338184,0.7260104269803307,0.24570494004095472,-0.5866025695536458,0.26160154385700607
simulated,29200000,-1,0.18611723299888355,0.8348872427069779,1.3912021342058596,0.6967774936409757,0.29406155564482445,-0.5810849635634745,0.3006146885426284
simulated,29300000,-1,0.059779055763336336,0.8050082141055929,1.4218384870855176,-0.6722043163679016,-0.32876609567912435,0.5776902463771144,-0.3260800371519481
simulated,29400000,-1,-0.061525207607907695,0.765157766609018,1.4575913713420101,-0.6570391042788953,-0.3469117454729867,0.5790536497533251,-0.33563183253175827
simulated,29500000,-1,-0.17754516372253382,0.7167948804809071,1.5011166870322488,-0.6412653360401122,-0.3648013287279017,0.5785322891188773,-0.34784932053777445
simulated,29600000,-1,-0.28819910765188206,0.6612241972837579,1.552880596734117,-0.6163397192774933,-0.3944449618356784,0.5682598034621953,-0.376323422460652
simulated,29700000,-1,-0.3918694329344327,0.5964582137105565,1.6047666287984974,-0.5895286878891776,-0.4319248207372251,0.5429376860101112,-0.4136611469509396
simulated,29800000,-1,-0.4861342197933005,0.519180634955276,1.6469487818994384,-0.5728650256808743,-0.47116763161707,0.4996278263353943,-0.4474357612209615
simulated,29900000,-1,-0.5689040102290066,0.42785112319416785,1.6733740390150063,-0.5653224769216464,-0.5107051276697225,0.4420431066433469,-0.47348565081544536
simulated,30000000,-1,-0.6390856586208017,0.32340128151124903,1.6813046814262602,-0.5515501519965995,-0.552418940890848,0.37974749531991664,-0.49640465688368784
simulated,30100000,-1,-0.6945892729892583,0.20802484951027586,1.6705673739211255,-0.5180974676471891,-0.5981909942618855,0.3207835562165111,-0.5204233454243143
simulated,30200000,-1,-0.7279461066437288,0.08731054218810748,1.6526709972091882,-0.4612341860115412,-0.6461072875642443,0.2640853030803134,-0.547784037105523
simulated,30300000,-1,-0.7311448474612458,-0.03299050294153326,1.6417030854219523,-0.379977264910211,-0.6908088826807092,0.20579751454696657,-0.5796962556089842
simulated,30400000,-1,-0.7062479788287896,-0.15269150543409415,1.6418314303632193,-0.2902538901927513,-0.722911584464849,0.15142660808391076,-0.6084582998354922
simulated,30500000,-1,-0.6625974007351112,-0.2752347972494264,1.6481132252905155,-0.22859221204432187,-0.7381747221038133,0.11765395509739321,-0.623699628899667
simulated,30600000,-1,-0.6080996858540746,-0.4015640288131412,1.6563877657737094,-0.22214230017945308,-0.7402530951438157,0.11543686375202254,-0.623981156837352
simulated,30700000,-1,-0.5513360379363088,-0.5306564516868345,1.6635343302787338,-0.24815704756757023,-0.7360102219135827,0.12895387489190796,-0.6165046075510124
simulated,30800000,-1,-0.5010446995443715,-0.6613943273349521,1.6666312802515297,-0.27232599488781783,-0.731863117531055,0.13650692059424138,-0.6095742697456668
simulated,30900000,-1,-0.4607898203279441,-0.7942869709952871,1.6635864328044776,-0.28664026965906886,-0.7300399711369109,0.1355512696438639,-0.6053964400705798
simulated,31000000,-1,-0.4297272529078643,-0.9320975413261968,1.652876197809339,-0.30852768487091853,-0.7262012263627193,0.14218570296974162,-0.5976835888398426
simulated,31100000,-1,-0.4060952619867808,-1.075193133958106,1.6341384062948936,-0.3446324406941271,-0.717673514788951,0.16368972523458966,-0.5825623407364288
simulated,31200000,-1,-0.3826980550106964,-1.2123996460452906,1.6123516069165666,-0.35750326512630637,-0.717262119350959,0.17002663217979394,-0.573426030031597
simulated,31300000,-1,-0.3508677618727074,-1.3303218655773048,1.5938842595305056,-0.3018156985673853,-0.7407884867275628,0.12376808671295764,-0.5872147501056004
simulated,31400000,-1,-0.30485006448408114,-1.4332908960997734,1.5792756319649701,-0.1906051593533936,-0.769232922145586,0.03725409940684116,-0.6087384633753774
simulated,31500000,-1,-0.23146031954756874,-1.5364675793575744,1.5641072633932187,-0.10842776350536892,-0.7799420805989459,-0.021644562129956472,-0.6160075356214515
simulated,31600000,-1,-0.12265099678482654,-1.6456883943159504,1.5474875296678277,-0.1273695977054924,-0.7792951188728763,0.0007887577321859796,-0.6135759782964867
simulated,31700000,-1,-0.022263629020322695,-1.76788217951717,1.538327068317733,-0.2239330165090912,-0.7582600078057726,0.0895922463475067,-0.6056971141370384
simulated,31800000,-1,0.012334824060971278,-1.91077578045113,1.5477564648501083,-0.3451022772692032,-0.6985063540845702,0.2118217549693623,-0.5900210467845963
simulated,31900000,-1,-0.022593040984446616,-2.0635250205419347,1.5705535842121825,-0.4406654119451572,-0.6212157335414858,0.31446654929478907,-0.5665825592888883
simulated,32000000,-1,-0.06903670555171847,-2.2000024312746778,1.5817766396282535,-0.4787515902128435,-0.5966371010463793,0.3346016546928213,-0.5503297349775607
simulated,32100000,-1,-0.07955094977367569,-2.3050422912375406,1.5633175634349308,-0.44148691450393324,-0.6656039705802392,0.24181375028033192,-0.5509870859148862
simulated,32200000,-1,-0.06725365410405378,-2.402317036775195,1.5275177752505134,-0.3616276959042038,-0.7443136177753773,0.11696229601023458,-0.5491288275634056
simulated,32300000,-1,-0.04451885427071216,-2.520649500337418,1.4879588146561724,-0.31471849894319504,-0.7636667469265906,0.07730316852792146,-0.5583812194164884
simulated,32400000,-1,-0.012822041199094455,-2.6603292252582458,1.4593788768440321,-0.31694456413450833,-0.7295855601420351,0.13421838750197004,-0.5909623322633943
simulated,32500000,-1,0.025984713261937742,-2.7998818536844623,1.4597796237385896,-0.3033625458626057,-0.6906654666184816,0.19234220255039378,-0.6276598251493375
simulated,32600000,-1,0.07236655662307265,-2.917914558432399,1.4947846033330152,-0.2264441955143616,-0.6983328252268428,0.17145673293823055,-0.657005997125367
simulated,32700000,-1,0.12790082631488114,-3.0050055573129453,1.5350500281552824,-0.09209988651263251,-0.7486383649141933,0.06634515217558107,-0.6531895056304583
simulated,32800000,-1,0.19506083637835567,-3.0599785392362686,1.5474948407141014,0.08395041235913467,-0.809917498990885,-0.09822123702215874,-0.5721350904208883
simulated,32900000,-1,0.25703667113066864,-3.097884657545101,1.5257718383906718,0.2917546709711449,-0.8246919391939429,-0.27927472551982174,-0.39593944622995203
simulated,33000000,-1,0.2785918297936053,-3.1433727954940807,1.4815481867986613,0.522593325578629,-0.7140416612621515,-0.43268920232554176,-0.172686931276059
simulated,33100000,-1,0.24350724520442288,-3.20056049404204,1.4154434754162968,0.7344724748739062,-0.4451749715732315,-0.5115898455843481,0.025401933634170024
simulated,33200000,-1,0.17446795937257986,-3.235763761359748,1.3401501058556349,0.8392544979274019,-0.11170811964147231,-0.5058913995847664,0.1650668820234915
simulated,33300000,-1,0.07445227522750814,-3.237302635181198,1.283763519204926,0.8259182954893858,0.143404528510303,-0.48404101569374064,0.25099483162969205
simulated,33400000,-1,-0.051851260580266234,-3.2300976137402446,1.2535150784475089,0.767995332650629,0.2725575603246698,-0.49964469035620196,0.29368474379097176
simulated,33500000,-1,-0.19106619149989962,-3.2322876019495523,1.2393163734474948,0.7281118266487482,0.30759063198287884,-0.5333945760700812,0.3012165288121072
simulated,33600000,-1,-0.33156326488429927,-3.246479937295077,1.2340476515134808,0.7282490202631178,0.2797461609803238,-0.5562461672773484,0.2863313662382101
simulated,33700000,-1,-0.47221835033972936,-3.2611257009003283,1.235146610918505,0.7475995192037806,0.22358263992543415,-0.569444565341744,0.2585317176150771
simulated,33800000,-1,-0.6136616122479064,-3.263327107492121,1.2411716963089752,0.7597494069620512,0.17539517292306644,-0.5838739232970683,0.2260721425337236
simulated,33900000,-1,-0.7552023949856539,-3.2477617614103695,1.25029790072531,0.7602796103918292,0.1446892885023585,-0.6028141055580533,0.19404916375850156
simulated,34000000,-1,-0.895786556625504,-3.2146083315213314,1.2592895104161115,0.7611637089722906,0.1127442847404847,-0.6179923040498474,0.1612577022565555
simulated,34100000,-1,-1.0338874288800384,-3.1629988655134578,1.2651009972940281,0.7701342536929111,0.06353584538215296,-0.6222764494470545,0.12501379165518284
simulated,34200000,-1,-1.1658617365463158,-3.089762934688809,1.2672016323041726,0.7801188938496889,-0.0026596654372442186,-0.6203998681334173,0.0806935019598132
simulated,34300000,-1,-1.2870644022188749,-2.9913057744456544,1.2661219880317163,-0.7803592132260888,0.08098272725647032,0.6196316245648674,-0.02319366418587973
simulated,34400000,-1,-1.3884166026733729,-2.8689458344055416,1.2640958191077296,-0.7648559350555179,0.16879682660736842,0.6197608676167914,0.04898465993057078
simulated,34500000,-1,-1.456286825239851,-2.7291464353295427,1.2643952214835692,-0.7326338822111055,0.2651967574570537,0.612380551871782,0.1338220241954232
simulated,34600000,-1,-1.4789786081953689,-2.5796866496453013,1.2691769188847168,-0.6834510377772623,0.36587365247694814,0.5895674511187801,0.22680690017207508
simulated,34700000,-1,-1.4564669373022616,-2.4317581165222135,1.2774693866972828,-0.6211175413442218,0.45907725487969825,0.5512316207592898,0.3156022404256919
simulated,34800000,-1,-1.3943958410303883,-2.2978410589167804,1.287487114480703,-0.5557958195897443,0.5350654582426139,0.5044022145670559,0.38778134078631965
simulated,34900000,-1,-1.3034751462501262,-2.1827293588494814,1.2975347697023571,-0.4983305435940346,0.5895800831642183,0.46163485378661456,0.43698427503373427
